Workbook

Sheet 요약
A1: 분원장 계약 타당성 요약 (월급 + 순수익 배분)
A2: ="계약 조건: 월 고정급 "&TEXT(가정!$B$5,"#,##0")&"원 + 순수익의 "&TEXT(가정!$B$6,"0%")&IF(가정!$B$7=1," (고정급 차감 후 순수익 기준)"," (고정급 차감 전 이익 기준)") -> 계약 조건: 월 고정급 0원 + 순수익의 90% (고정급 차감 후 순수익 기준)
A4: 항목 | B4: 값 | C4: 설명
A5: 분석 기준 학생 수 | B5: =가정!$B$26 -> 80 | C5: 가정 시트에서 변경
A6: 월 매출 | B6: =INDEX(학생수별!$B$5:$B$204,MATCH(가정!$B$26,학생수별!$A$5:$A$204,0)) -> 24000000
A7: 영업이익 (분원장 급여 차감 전) | B7: =INDEX(학생수별!$H$5:$H$204,MATCH(가정!$B$26,학생수별!$A$5:$A$204,0)) -> 7880000 | C7: 매출 - 고정비 - 강사비 - 변동비 - 로열티
A8: 인센티브 기준이익 | B8: =INDEX(학생수별!$I$5:$I$204,MATCH(가정!$B$26,학생수별!$A$5:$A$204,0)) -> 7880000 | C8: 음수면 인센티브 0
A9: 분원장 몫 (순수익 x 배분율) | B9: =INDEX(학생수별!$J$5:$J$204,MATCH(가정!$B$26,학생수별!$A$5:$A$204,0)) -> 7092000
A10: 분원장 월 총보수 | B10: =INDEX(학생수별!$K$5:$K$204,MATCH(가정!$B$26,학생수별!$A$5:$A$204,0)) -> 7092000 | C10: 고정급 + 순수익 배분
A11: 분원장 연 총보수 (12개월) | B11: =B10*12 -> 85104000 | C11: 퇴직금·4대보험 사업주 부담분 제외
A12: 분원장 보수 비중 (총보수/매출) | B12: =INDEX(학생수별!$M$5:$M$204,MATCH(가정!$B$26,학생수별!$A$5:$A$204,0)) -> 0.2955 | C12: 일반적으로 지점 매출의 15~25% 안팎이 부담 가능한 수준인지 검토
A13: 본사(운영주체) 귀속 순이익 | B13: =INDEX(학생수별!$L$5:$L$204,MATCH(가정!$B$26,학생수별!$A$5:$A$204,0)) -> 788000 | C13: 분원장 보수까지 준 뒤 남는 이익
A14: 영업이익 중 분원장 몫 (총보수/영업이익) | B14: =IF(B7<=0,0,B10/B7) -> 0.9 | C14: 영업이익 중 분원장이 가져가는 비율
A15: 분원장 환산 시급 | B15: =INDEX(학생수별!$N$5:$N$204,MATCH(가정!$B$26,학생수별!$A$5:$A$204,0)) -> 35460 | C15: 월 총보수 / 월 근무시간
A16: 시장 분원장 보수 대비 | B16: =B10/가정!$B$27-1 -> 0.4184 | C16: 가정 시트의 시장 비교값 대비 +/-
A17: [핵심 기준 인원]
A18: 순수익이 처음 발생하는 학생 수 | B18: =IF(COUNT(학생수별!$O$5:$O$204)=0,"200명 초과",MIN(학생수별!$O$5:$O$204)) -> 42 | C18: 이 인원 미만에선 순수익 배분이 0원 (적자)
A19: 본사 손익분기 학생 수 (분원장 보수 지급 후) | B19: =IF(COUNT(학생수별!$P$5:$P$204)=0,"200명 초과",MIN(학생수별!$P$5:$P$204)) -> 42 | C19: 이 인원 미만이면 본사가 적자 - 계약 지속 불가능
A20: 분원장 목표보수 달성 학생 수 | B20: =IF(COUNT(학생수별!$Q$5:$Q$204)=0,"200명 초과",MIN(학생수별!$Q$5:$Q$204)) -> 76 | C20: 가정 시트의 '목표 월 총보수' 기준
A22: [자동 판정]
A23: =IF(B7<=0,"기준 인원에서 영업이익이 이미 적자입니다. 400만원 고정급 자체가 지점에 부담입니다.",IF(B13<0,"기준 인원에서 본사가 적자입니다 (분원장 보수 > 영업이익). 계약 조건 재검토 필요.","기준 인원에서 본사 흑자 - 계약 유지 가능.")) -> 기준 인원에서 본사 흑자 - 계약 유지 가능.
A24: =IF(B9=0,"기준 인원에서는 순수익 배분이 0원입니다. 학생 수가 "&B18&"명을 넘어야 순수익이 생깁니다.","기준 인원에서 원장 순수익 배분 "&TEXT(B9,"#,##0")&"원 발생, 총보수는 시장 대비 "&TEXT(B16,"+0%;-0%")&".") -> 기준 인원에서 원장 순수익 배분 7,092,000원 발생, 총보수는 시장 대비 +42%.
A25: =IF(B12>0.3,"분원장 보수가 매출의 30%를 넘어 과다합니다.",IF(B12<0.1,"분원장 보수가 매출의 10% 미만으로 분원장 입장에서 동기부여가 약할 수 있습니다.","분원장 보수 비중이 통상적인 범위(10~30%)입니다.")) -> 분원장 보수 비중이 통상적인 범위(10~30%)입니다.
A26: ="참고: 순수익 배분 구조는 학생 수가 늘수록 커지는 구조라 분원장 성장 동기가 되지만, 고정급이 있으면 손익분기까지의 위험을 본사가 지고, 고정급 0이면 적자 위험은 원장이 집니다. 1억 상환 시트에서 상환 가능성을 확인하세요." -> 참고: 순수익 배분 구조는 학생 수가 늘수록 커지는 구조라 분원장 성장 동기가 되지만, 고정급이 있으면 손익분기까지의 위험을 본사가 지고, 고정급 0이면 적자 위험은 원장이 집니다. 1억 상환 시트에서 상환 가능성을 확인하세요.

Sheet 1억 상환
A1: 1억 상환 구간 시뮬레이션 (본사 10% / 원장 90%)
A2: 해석: 상환 기간 동안 순수익의 10%가 본사로 가서 1억을 갚는 데 쓰이고, 원장이 90%를 가져간다고 가정했습니다. 다르면 알려주세요.
A4: [입력]
A5: 상환 대상 금액 | B5: 100000000 | C5: 사용자 제시 (1억)
A6: 상환 기한(개월) | B6: 12 | C6: 사용자 제시 (1년)
A7: 상환 후 본사 배분율 | B7: 0.1 | C7: 가정: 미정이라 동일 10% 유지 - 실제 조건으로 교체
A9: [기준 학생 수 결과]
A10: 분석 기준 학생 수 | B10: =가정!$B$26 -> 80
A11: 영업이익 (월) | B11: =INDEX(학생수별!$H$5:$H$204,MATCH(가정!$B$26,학생수별!$A$5:$A$204,0)) -> 7880000
A12: 본사 월 수취 (상환 재원) | B12: =MAX(0,INDEX(학생수별!$I$5:$I$204,MATCH(가정!$B$26,학생수별!$A$5:$A$204,0)))*(1-가정!$B$6) -> 788000
A13: 원장 월 수입 (영업이익 - 본사 몫) | B13: =B11-B12 -> 7092000
A14: 상환 기한 내 누적 상환액 | B14: =B12*B6 -> 9456000
A15: 기한 후 미상환 잔액 | B15: =MAX(0,B5-B14) -> 90544000
A16: 완납까지 소요 개월 | B16: =IF(B12>0,B5/B12,"상환 불가(이익 없음)") -> 126.90355
A17: 기한 내 완납에 필요한 본사 월 수취액 | B17: =B5/B6 -> 8333333.3
A18: 그 수취액을 만들기 위한 월 영업이익 | B18: =B17/(1-가정!$B$6) -> 83333333
A19: 기한 내 완납 가능한 최소 학생 수 | B19: =IF(COUNT(학생수별!$R$5:$R$204)=0,"200명 초과",MIN(학생수별!$R$5:$R$204)) -> 200명 초과
A20: 기준 학생 수에서 기한 내 완납에 필요한 본사 배분율 | B20: =IF(B11<=0,"이익 없음",MIN(1,B17/B11)) -> 1
A22: [학생 수별 상환 가능성]
A23: 학생 수 | B23: 월 영업이익 | C23: 본사 월 수취 | D23: 원장 월 수입 | E23: 기한 내 누적 상환 | F23: 기한 후 잔액 | G23: 완납 소요 개월 | H23: 기한 내 완납?
A24: 20 | B24: =INDEX(학생수별!$H$5:$H$204,MATCH(A24,학생수별!$A$5:$A$204,0)) -> -3080000 | C24: =MAX(0,INDEX(학생수별!$I$5:$I$204,MATCH(A24,학생수별!$A$5:$A$204,0)))*(1-가정!$B$6) -> 0 | D24: =B24-C24 -> -3080000 | E24: =C24*$B$6 -> 0 | F24: =MAX(0,$B$5-E24) -> 100000000 | G24: =IF(C24>0,$B$5/C24,"불가") -> 불가 | H24: =IF(F24=0,"예","아니오") -> 아니오
A25: 30 | B25: =INDEX(학생수별!$H$5:$H$204,MATCH(A25,학생수별!$A$5:$A$204,0)) -> -3120000 | C25: =MAX(0,INDEX(학생수별!$I$5:$I$204,MATCH(A25,학생수별!$A$5:$A$204,0)))*(1-가정!$B$6) -> 0 | D25: =B25-C25 -> -3120000 | E25: =C25*$B$6 -> 0 | F25: =MAX(0,$B$5-E25) -> 100000000 | G25: =IF(C25>0,$B$5/C25,"불가") -> 불가 | H25: =IF(F25=0,"예","아니오") -> 아니오
A26: 40 | B26: =INDEX(학생수별!$H$5:$H$204,MATCH(A26,학생수별!$A$5:$A$204,0)) -> -360000 | C26: =MAX(0,INDEX(학생수별!$I$5:$I$204,MATCH(A26,학생수별!$A$5:$A$204,0)))*(1-가정!$B$6) -> 0 | D26: =B26-C26 -> -360000 | E26: =C26*$B$6 -> 0 | F26: =MAX(0,$B$5-E26) -> 100000000 | G26: =IF(C26>0,$B$5/C26,"불가") -> 불가 | H26: =IF(F26=0,"예","아니오") -> 아니오
A27: 50 | B27: =INDEX(학생수별!$H$5:$H$204,MATCH(A27,학생수별!$A$5:$A$204,0)) -> 2400000 | C27: =MAX(0,INDEX(학생수별!$I$5:$I$204,MATCH(A27,학생수별!$A$5:$A$204,0)))*(1-가정!$B$6) -> 240000 | D27: =B27-C27 -> 2160000 | E27: =C27*$B$6 -> 2880000 | F27: =MAX(0,$B$5-E27) -> 97120000 | G27: =IF(C27>0,$B$5/C27,"불가") -> 416.66667 | H27: =IF(F27=0,"예","아니오") -> 아니오
A28: 60 | B28: =INDEX(학생수별!$H$5:$H$204,MATCH(A28,학생수별!$A$5:$A$204,0)) -> 2360000 | C28: =MAX(0,INDEX(학생수별!$I$5:$I$204,MATCH(A28,학생수별!$A$5:$A$204,0)))*(1-가정!$B$6) -> 236000 | D28: =B28-C28 -> 2124000 | E28: =C28*$B$6 -> 2832000 | F28: =MAX(0,$B$5-E28) -> 97168000 | G28: =IF(C28>0,$B$5/C28,"불가") -> 423.72881 | H28: =IF(F28=0,"예","아니오") -> 아니오
A29: 70 | B29: =INDEX(학생수별!$H$5:$H$204,MATCH(A29,학생수별!$A$5:$A$204,0)) -> 5120000 | C29: =MAX(0,INDEX(학생수별!$I$5:$I$204,MATCH(A29,학생수별!$A$5:$A$204,0)))*(1-가정!$B$6) -> 512000 | D29: =B29-C29 -> 4608000 | E29: =C29*$B$6 -> 6144000 | F29: =MAX(0,$B$5-E29) -> 93856000 | G29: =IF(C29>0,$B$5/C29,"불가") -> 195.3125 | H29: =IF(F29=0,"예","아니오") -> 아니오
A30: 80 | B30: =INDEX(학생수별!$H$5:$H$204,MATCH(A30,학생수별!$A$5:$A$204,0)) -> 7880000 | C30: =MAX(0,INDEX(학생수별!$I$5:$I$204,MATCH(A30,학생수별!$A$5:$A$204,0)))*(1-가정!$B$6) -> 788000 | D30: =B30-C30 -> 7092000 | E30: =C30*$B$6 -> 9456000 | F30: =MAX(0,$B$5-E30) -> 90544000 | G30: =IF(C30>0,$B$5/C30,"불가") -> 126.90355 | H30: =IF(F30=0,"예","아니오") -> 아니오
A31: 90 | B31: =INDEX(학생수별!$H$5:$H$204,MATCH(A31,학생수별!$A$5:$A$204,0)) -> 7840000 | C31: =MAX(0,INDEX(학생수별!$I$5:$I$204,MATCH(A31,학생수별!$A$5:$A$204,0)))*(1-가정!$B$6) -> 784000 | D31: =B31-C31 -> 7056000 | E31: =C31*$B$6 -> 9408000 | F31: =MAX(0,$B$5-E31) -> 90592000 | G31: =IF(C31>0,$B$5/C31,"불가") -> 127.55102 | H31: =IF(F31=0,"예","아니오") -> 아니오
A32: 100 | B32: =INDEX(학생수별!$H$5:$H$204,MATCH(A32,학생수별!$A$5:$A$204,0)) -> 10600000 | C32: =MAX(0,INDEX(학생수별!$I$5:$I$204,MATCH(A32,학생수별!$A$5:$A$204,0)))*(1-가정!$B$6) -> 1060000 | D32: =B32-C32 -> 9540000 | E32: =C32*$B$6 -> 12720000 | F32: =MAX(0,$B$5-E32) -> 87280000 | G32: =IF(C32>0,$B$5/C32,"불가") -> 94.339623 | H32: =IF(F32=0,"예","아니오") -> 아니오
A33: 120 | B33: =INDEX(학생수별!$H$5:$H$204,MATCH(A33,학생수별!$A$5:$A$204,0)) -> 13320000 | C33: =MAX(0,INDEX(학생수별!$I$5:$I$204,MATCH(A33,학생수별!$A$5:$A$204,0)))*(1-가정!$B$6) -> 1332000 | D33: =B33-C33 -> 11988000 | E33: =C33*$B$6 -> 15984000 | F33: =MAX(0,$B$5-E33) -> 84016000 | G33: =IF(C33>0,$B$5/C33,"불가") -> 75.075075 | H33: =IF(F33=0,"예","아니오") -> 아니오
A34: 150 | B34: =INDEX(학생수별!$H$5:$H$204,MATCH(A34,학생수별!$A$5:$A$204,0)) -> 18800000 | C34: =MAX(0,INDEX(학생수별!$I$5:$I$204,MATCH(A34,학생수별!$A$5:$A$204,0)))*(1-가정!$B$6) -> 1880000 | D34: =B34-C34 -> 16920000 | E34: =C34*$B$6 -> 22560000 | F34: =MAX(0,$B$5-E34) -> 77440000 | G34: =IF(C34>0,$B$5/C34,"불가") -> 53.191489 | H34: =IF(F34=0,"예","아니오") -> 아니오
A35: 200 | B35: =INDEX(학생수별!$H$5:$H$204,MATCH(A35,학생수별!$A$5:$A$204,0)) -> 29800000 | C35: =MAX(0,INDEX(학생수별!$I$5:$I$204,MATCH(A35,학생수별!$A$5:$A$204,0)))*(1-가정!$B$6) -> 2980000 | D35: =B35-C35 -> 26820000 | E35: =C35*$B$6 -> 35760000 | F35: =MAX(0,$B$5-E35) -> 64240000 | G35: =IF(C35>0,$B$5/C35,"불가") -> 33.557047 | H35: =IF(F35=0,"예","아니오") -> 아니오

Sheet 가정
A1: 분원장 계약 조건 시뮬레이터 - 가정(입력)
A2: 파란 글씨 + 노란 칸 = 직접 수정하는 입력값입니다. 아래 수치는 모두 '예시'이므로 실제 지점 수치로 교체하세요. (단위: 원)
A4: [계약 조건]
A5: 분원장 월 고정급 | B5: 0 | C5: 변경: 원장이 순수익 90%를 가져가는 구조라 고정급 0으로 가정 (400만원 병행 시 입력)
A6: 순수익 배분율(분원장 몫) | B6: 0.9 | C6: 변경: 원장 90% / 본사 10% (사용자 제시)
A7: 인센티브 기준이익에서 고정급 차감? (1=차감, 0=차감 안 함) | B7: 1 | C7: 1이면 '고정급까지 준 뒤 남은 순수익'의 20%. 0이면 고정급 차감 전 이익의 20%
A8: 분원장 월 근무시간(시급 환산용) | B8: 200 | C8: 주 5일 x 9시간 x 약 4.3주 가정 (예시)
A9: [매출]
A10: 학생 1인당 월 수강료 | B10: 300000 | C10: 예시값 - 실제 수강료로 교체
A11: [고정비 (월)]
A12: 임대료 | B12: 4000000 | C12: 예시값
A13: 관리비/공과금/통신 | B13: 800000 | C13: 예시값
A14: 행정·상담 직원 인건비 | B14: 2500000 | C14: 예시값 (없으면 0)
A15: 마케팅/광고비 | B15: 1000000 | C15: 예시값
A16: 기타 고정비 | B16: 300000 | C16: 예시값 (보험, 소프트웨어 등)
A17: [인력 구조]
A18: 분원장 직접 수업 가능 학생 수 | B18: 20 | C18: 분원장이 직접 가르쳐 강사 불필요한 인원 (예시)
A19: 강사 1인당 담당 학생 수 | B19: 30 | C19: 예시값 - 학생 수 늘면 강사 계단식 증가
A20: 강사 월급 | B20: 2800000 | C20: 예시값
A21: [변동비]
A22: 학생 1인당 교재·소모품비 | B22: 15000 | C22: 예시값
A23: 매출 대비 변동비율(결제수수료 등) | B23: 0.03 | C23: 예시값
A24: 본사 로열티(매출 대비) | B24: 0 | C24: 본사 로열티가 있다면 입력. 이 경우 본사 몫 계산에서는 로열티 별도
A25: [분석 기준]
A26: 분석 기준 학생 수 | B26: 80 | C26: 요약 시트 기준 인원
A27: 비교용 시장 분원장 월 총보수 | B27: 5000000 | C27: 동일 규모 타 지점/시장 분원장 평균 (예시, 조사 후 교체)
A28: 분원장 목표 월 총보수 | B28: 6000000 | C28: 이 금액 달성에 필요한 학생 수 계산용 (예시)
A30: 고정비 합계 (자동) | B30: =SUM(B12:B16) -> 8600000

Sheet 학생수별
A1: 학생 수별 월 손익 및 분원장 보수 (1~200명)
A2: 모든 값은 '가정' 시트의 입력값으로 자동 계산됩니다. 단위: 원/월
A4: 학생 수 | B4: 월 매출 | C4: 고정비 | D4: 강사 수 | E4: 강사 인건비 | F4: 변동비 | G4: 본사 로열티 | H4: 영업이익 (분원장 급여 차감 전) | I4: 인센티브 기준이익 | J4: 분원장 인센티브 | K4: 분원장 월 총보수 | L4: 본사(운영주체) 귀속 순이익 | M4: 분원장 총보수/매출 | N4: 분원장 환산 시급 | O4: 인센티브 발생?(학생수) | P4: 본사 흑자?(학생수) | Q4: 목표보수 달성?(학생수) | R4: 12개월 내 1억 완납?(학생수)
A5: 1 | B5: =A5*가정!$B$10 -> 300000 | C5: =가정!$B$30 -> 8600000 | D5: =ROUNDUP(MAX(0,A5-가정!$B$18)/가정!$B$19,0) -> 0 | E5: =D5*가정!$B$20 -> 0 | F5: =A5*가정!$B$22+B5*가정!$B$23 -> 24000 | G5: =B5*가정!$B$24 -> 0 | H5: =B5-C5-E5-F5-G5 -> -8324000 | I5: =H5-IF(가정!$B$7=1,가정!$B$5,0) -> -8324000 | J5: =MAX(0,I5)*가정!$B$6 -> 0 | K5: =가정!$B$5+J5 -> 0 | L5: =H5-K5 -> -8324000 | M5: =IF(B5=0,0,K5/B5) -> 0 | N5: =K5/가정!$B$8 -> 0 | O5: =IF(I5>0,A5,"") | P5: =IF(L5>=0,A5,"") | Q5: =IF(K5>=가정!$B$28,A5,"") | R5: =IF(MAX(0,I5)*(1-가정!$B$6)*'1억 상환'!$B$6>='1억 상환'!$B$5,A5,"")
A6: 2 | B6: =A6*가정!$B$10 -> 600000 | C6: =가정!$B$30 -> 8600000 | D6: =ROUNDUP(MAX(0,A6-가정!$B$18)/가정!$B$19,0) -> 0 | E6: =D6*가정!$B$20 -> 0 | F6: =A6*가정!$B$22+B6*가정!$B$23 -> 48000 | G6: =B6*가정!$B$24 -> 0 | H6: =B6-C6-E6-F6-G6 -> -8048000 | I6: =H6-IF(가정!$B$7=1,가정!$B$5,0) -> -8048000 | J6: =MAX(0,I6)*가정!$B$6 -> 0 | K6: =가정!$B$5+J6 -> 0 | L6: =H6-K6 -> -8048000 | M6: =IF(B6=0,0,K6/B6) -> 0 | N6: =K6/가정!$B$8 -> 0 | O6: =IF(I6>0,A6,"") | P6: =IF(L6>=0,A6,"") | Q6: =IF(K6>=가정!$B$28,A6,"") | R6: =IF(MAX(0,I6)*(1-가정!$B$6)*'1억 상환'!$B$6>='1억 상환'!$B$5,A6,"")
A7: 3 | B7: =A7*가정!$B$10 -> 900000 | C7: =가정!$B$30 -> 8600000 | D7: =ROUNDUP(MAX(0,A7-가정!$B$18)/가정!$B$19,0) -> 0 | E7: =D7*가정!$B$20 -> 0 | F7: =A7*가정!$B$22+B7*가정!$B$23 -> 72000 | G7: =B7*가정!$B$24 -> 0 | H7: =B7-C7-E7-F7-G7 -> -7772000 | I7: =H7-IF(가정!$B$7=1,가정!$B$5,0) -> -7772000 | J7: =MAX(0,I7)*가정!$B$6 -> 0 | K7: =가정!$B$5+J7 -> 0 | L7: =H7-K7 -> -7772000 | M7: =IF(B7=0,0,K7/B7) -> 0 | N7: =K7/가정!$B$8 -> 0 | O7: =IF(I7>0,A7,"") | P7: =IF(L7>=0,A7,"") | Q7: =IF(K7>=가정!$B$28,A7,"") | R7: =IF(MAX(0,I7)*(1-가정!$B$6)*'1억 상환'!$B$6>='1억 상환'!$B$5,A7,"")
A8: 4 | B8: =A8*가정!$B$10 -> 1200000 | C8: =가정!$B$30 -> 8600000 | D8: =ROUNDUP(MAX(0,A8-가정!$B$18)/가정!$B$19,0) -> 0 | E8: =D8*가정!$B$20 -> 0 | F8: =A8*가정!$B$22+B8*가정!$B$23 -> 96000 | G8: =B8*가정!$B$24 -> 0 | H8: =B8-C8-E8-F8-G8 -> -7496000 | I8: =H8-IF(가정!$B$7=1,가정!$B$5,0) -> -7496000 | J8: =MAX(0,I8)*가정!$B$6 -> 0 | K8: =가정!$B$5+J8 -> 0 | L8: =H8-K8 -> -7496000 | M8: =IF(B8=0,0,K8/B8) -> 0 | N8: =K8/가정!$B$8 -> 0 | O8: =IF(I8>0,A8,"") | P8: =IF(L8>=0,A8,"") | Q8: =IF(K8>=가정!$B$28,A8,"") | R8: =IF(MAX(0,I8)*(1-가정!$B$6)*'1억 상환'!$B$6>='1억 상환'!$B$5,A8,"")
A9: 5 | B9: =A9*가정!$B$10 -> 1500000 | C9: =가정!$B$30 -> 8600000 | D9: =ROUNDUP(MAX(0,A9-가정!$B$18)/가정!$B$19,0) -> 0 | E9: =D9*가정!$B$20 -> 0 | F9: =A9*가정!$B$22+B9*가정!$B$23 -> 120000 | G9: =B9*가정!$B$24 -> 0 | H9: =B9-C9-E9-F9-G9 -> -7220000 | I9: =H9-IF(가정!$B$7=1,가정!$B$5,0) -> -7220000 | J9: =MAX(0,I9)*가정!$B$6 -> 0 | K9: =가정!$B$5+J9 -> 0 | L9: =H9-K9 -> -7220000 | M9: =IF(B9=0,0,K9/B9) -> 0 | N9: =K9/가정!$B$8 -> 0 | O9: =IF(I9>0,A9,"") | P9: =IF(L9>=0,A9,"") | Q9: =IF(K9>=가정!$B$28,A9,"") | R9: =IF(MAX(0,I9)*(1-가정!$B$6)*'1억 상환'!$B$6>='1억 상환'!$B$5,A9,"")
A10: 6 | B10: =A10*가정!$B$10 -> 1800000 | C10: =가정!$B$30 -> 8600000 | D10: =ROUNDUP(MAX(0,A10-가정!$B$18)/가정!$B$19,0) -> 0 | E10: =D10*가정!$B$20 -> 0 | F10: =A10*가정!$B$22+B10*가정!$B$23 -> 144000 | G10: =B10*가정!$B$24 -> 0 | H10: =B10-C10-E10-F10-G10 -> -6944000 | I10: =H10-IF(가정!$B$7=1,가정!$B$5,0) -> -6944000 | J10: =MAX(0,I10)*가정!$B$6 -> 0 | K10: =가정!$B$5+J10 -> 0 | L10: =H10-K10 -> -6944000 | M10: =IF(B10=0,0,K10/B10) -> 0 | N10: =K10/가정!$B$8 -> 0 | O10: =IF(I10>0,A10,"") | P10: =IF(L10>=0,A10,"") | Q10: =IF(K10>=가정!$B$28,A10,"") | R10: =IF(MAX(0,I10)*(1-가정!$B$6)*'1억 상환'!$B$6>='1억 상환'!$B$5,A10,"")
A11: 7 | B11: =A11*가정!$B$10 -> 2100000 | C11: =가정!$B$30 -> 8600000 | D11: =ROUNDUP(MAX(0,A11-가정!$B$18)/가정!$B$19,0) -> 0 | E11: =D11*가정!$B$20 -> 0 | F11: =A11*가정!$B$22+B11*가정!$B$23 -> 168000 | G11: =B11*가정!$B$24 -> 0 | H11: =B11-C11-E11-F11-G11 -> -6668000 | I11: =H11-IF(가정!$B$7=1,가정!$B$5,0) -> -6668000 | J11: =MAX(0,I11)*가정!$B$6 -> 0 | K11: =가정!$B$5+J11 -> 0 | L11: =H11-K11 -> -6668000 | M11: =IF(B11=0,0,K11/B11) -> 0 | N11: =K11/가정!$B$8 -> 0 | O11: =IF(I11>0,A11,"") | P11: =IF(L11>=0,A11,"") | Q11: =IF(K11>=가정!$B$28,A11,"") | R11: =IF(MAX(0,I11)*(1-가정!$B$6)*'1억 상환'!$B$6>='1억 상환'!$B$5,A11,"")
A12: 8 | B12: =A12*가정!$B$10 -> 2400000 | C12: =가정!$B$30 -> 8600000 | D12: =ROUNDUP(MAX(0,A12-가정!$B$18)/가정!$B$19,0) -> 0 | E12: =D12*가정!$B$20 -> 0 | F12: =A12*가정!$B$22+B12*가정!$B$23 -> 192000 | G12: =B12*가정!$B$24 -> 0 | H12: =B12-C12-E12-F12-G12 -> -6392000 | I12: =H12-IF(가정!$B$7=1,가정!$B$5,0) -> -6392000 | J12: =MAX(0,I12)*가정!$B$6 -> 0 | K12: =가정!$B$5+J12 -> 0 | L12: =H12-K12 -> -6392000 | M12: =IF(B12=0,0,K12/B12) -> 0 | N12: =K12/가정!$B$8 -> 0 | O12: =IF(I12>0,A12,"") | P12: =IF(L12>=0,A12,"") | Q12: =IF(K12>=가정!$B$28,A12,"") | R12: =IF(MAX(0,I12)*(1-가정!$B$6)*'1억 상환'!$B$6>='1억 상환'!$B$5,A12,"")
A13: 9 | B13: =A13*가정!$B$10 -> 2700000 | C13: =가정!$B$30 -> 8600000 | D13: =ROUNDUP(MAX(0,A13-가정!$B$18)/가정!$B$19,0) -> 0 | E13: =D13*가정!$B$20 -> 0 | F13: =A13*가정!$B$22+B13*가정!$B$23 -> 216000 | G13: =B13*가정!$B$24 -> 0 | H13: =B13-C13-E13-F13-G13 -> -6116000 | I13: =H13-IF(가정!$B$7=1,가정!$B$5,0) -> -6116000 | J13: =MAX(0,I13)*가정!$B$6 -> 0 | K13: =가정!$B$5+J13 -> 0 | L13: =H13-K13 -> -6116000 | M13: =IF(B13=0,0,K13/B13) -> 0 | N13: =K13/가정!$B$8 -> 0 | O13: =IF(I13>0,A13,"") | P13: =IF(L13>=0,A13,"") | Q13: =IF(K13>=가정!$B$28,A13,"") | R13: =IF(MAX(0,I13)*(1-가정!$B$6)*'1억 상환'!$B$6>='1억 상환'!$B$5,A13,"")
A14: 10 | B14: =A14*가정!$B$10 -> 3000000 | C14: =가정!$B$30 -> 8600000 | D14: =ROUNDUP(MAX(0,A14-가정!$B$18)/가정!$B$19,0) -> 0 | E14: =D14*가정!$B$20 -> 0 | F14: =A14*가정!$B$22+B14*가정!$B$23 -> 240000 | G14: =B14*가정!$B$24 -> 0 | H14: =B14-C14-E14-F14-G14 -> -5840000 | I14: =H14-IF(가정!$B$7=1,가정!$B$5,0) -> -5840000 | J14: =MAX(0,I14)*가정!$B$6 -> 0 | K14: =가정!$B$5+J14 -> 0 | L14: =H14-K14 -> -5840000 | M14: =IF(B14=0,0,K14/B14) -> 0 | N14: =K14/가정!$B$8 -> 0 | O14: =IF(I14>0,A14,"") | P14: =IF(L14>=0,A14,"") | Q14: =IF(K14>=가정!$B$28,A14,"") | R14: =IF(MAX(0,I14)*(1-가정!$B$6)*'1억 상환'!$B$6>='1억 상환'!$B$5,A14,"")
A15: 11 | B15: =A15*가정!$B$10 -> 3300000 | C15: =가정!$B$30 -> 8600000 | D15: =ROUNDUP(MAX(0,A15-가정!$B$18)/가정!$B$19,0) -> 0 | E15: =D15*가정!$B$20 -> 0 | F15: =A15*가정!$B$22+B15*가정!$B$23 -> 264000 | G15: =B15*가정!$B$24 -> 0 | H15: =B15-C15-E15-F15-G15 -> -5564000 | I15: =H15-IF(가정!$B$7=1,가정!$B$5,0) -> -5564000 | J15: =MAX(0,I15)*가정!$B$6 -> 0 | K15: =가정!$B$5+J15 -> 0 | L15: =H15-K15 -> -5564000 | M15: =IF(B15=0,0,K15/B15) -> 0 | N15: =K15/가정!$B$8 -> 0 | O15: =IF(I15>0,A15,"") | P15: =IF(L15>=0,A15,"") | Q15: =IF(K15>=가정!$B$28,A15,"") | R15: =IF(MAX(0,I15)*(1-가정!$B$6)*'1억 상환'!$B$6>='1억 상환'!$B$5,A15,"")
A16: 12 | B16: =A16*가정!$B$10 -> 3600000 | C16: =가정!$B$30 -> 8600000 | D16: =ROUNDUP(MAX(0,A16-가정!$B$18)/가정!$B$19,0) -> 0 | E16: =D16*가정!$B$20 -> 0 | F16: =A16*가정!$B$22+B16*가정!$B$23 -> 288000 | G16: =B16*가정!$B$24 -> 0 | H16: =B16-C16-E16-F16-G16 -> -5288000 | I16: =H16-IF(가정!$B$7=1,가정!$B$5,0) -> -5288000 | J16: =MAX(0,I16)*가정!$B$6 -> 0 | K16: =가정!$B$5+J16 -> 0 | L16: =H16-K16 -> -5288000 | M16: =IF(B16=0,0,K16/B16) -> 0 | N16: =K16/가정!$B$8 -> 0 | O16: =IF(I16>0,A16,"") | P16: =IF(L16>=0,A16,"") | Q16: =IF(K16>=가정!$B$28,A16,"") | R16: =IF(MAX(0,I16)*(1-가정!$B$6)*'1억 상환'!$B$6>='1억 상환'!$B$5,A16,"")
... A204: 200 | B204: =A204*가정!$B$10 -> 60000000 | C204: =가정!$B$30 -> 8600000 | D204: =ROUNDUP(MAX(0,A204-가정!$B$18)/가정!$B$19,0) -> 6 | E204: =D204*가정!$B$20 -> 16800000 | F204: =A204*가정!$B$22+B204*가정!$B$23 -> 4800000 | G204: =B204*가정!$B$24 -> 0 | H204: =B204-C204-E204-F204-G204 -> 29800000 | I204: =H204-IF(가정!$B$7=1,가정!$B$5,0) -> 29800000 | J204: =MAX(0,I204)*가정!$B$6 -> 26820000 | K204: =가정!$B$5+J204 -> 26820000 | L204: =H204-K204 -> 2980000 | M204: =IF(B204=0,0,K204/B204) -> 0.447 | N204: =K204/가정!$B$8 -> 134100 | O204: =IF(I204>0,A204,"") -> 200 | P204: =IF(L204>=0,A204,"") -> 200 | Q204: =IF(K204>=가정!$B$28,A204,"") -> 200 | R204: =IF(MAX(0,I204)*(1-가정!$B$6)*'1억 상환'!$B$6>='1억 상환'!$B$5,A204,"")

Sheet 민감도
A1: 분원장 월 총보수: 학생 수 x 배분율
A2: 고정급은 가정 시트 값, 인센티브 차감 방식도 가정 시트를 따릅니다. 배분율(노란 칸)은 직접 변경 가능.
A4: 배분율 \ 학생 수 | B4: 10 | C4: 20 | D4: 30 | E4: 40 | F4: 50 | G4: 60 | H4: 70 | I4: 80 | J4: 90 | K4: 100 | L4: 120 | M4: 150
A5: 0 | B5: =가정!$B$5+MAX(0,INDEX(학생수별!$I$5:$I$204,MATCH(B$4,학생수별!$A$5:$A$204,0)))*$A5 -> 0 | C5: =가정!$B$5+MAX(0,INDEX(학생수별!$I$5:$I$204,MATCH(C$4,학생수별!$A$5:$A$204,0)))*$A5 -> 0 | D5: =가정!$B$5+MAX(0,INDEX(학생수별!$I$5:$I$204,MATCH(D$4,학생수별!$A$5:$A$204,0)))*$A5 -> 0 | E5: =가정!$B$5+MAX(0,INDEX(학생수별!$I$5:$I$204,MATCH(E$4,학생수별!$A$5:$A$204,0)))*$A5 -> 0 | F5: =가정!$B$5+MAX(0,INDEX(학생수별!$I$5:$I$204,MATCH(F$4,학생수별!$A$5:$A$204,0)))*$A5 -> 0 | G5: =가정!$B$5+MAX(0,INDEX(학생수별!$I$5:$I$204,MATCH(G$4,학생수별!$A$5:$A$204,0)))*$A5 -> 0 | H5: =가정!$B$5+MAX(0,INDEX(학생수별!$I$5:$I$204,MATCH(H$4,학생수별!$A$5:$A$204,0)))*$A5 -> 0 | I5: =가정!$B$5+MAX(0,INDEX(학생수별!$I$5:$I$204,MATCH(I$4,학생수별!$A$5:$A$204,0)))*$A5 -> 0 | ... M5: =가정!$B$5+MAX(0,INDEX(학생수별!$I$5:$I$204,MATCH(M$4,학생수별!$A$5:$A$204,0)))*$A5 -> 0
A6: 0.1 | B6: =가정!$B$5+MAX(0,INDEX(학생수별!$I$5:$I$204,MATCH(B$4,학생수별!$A$5:$A$204,0)))*$A6 -> 0 | C6: =가정!$B$5+MAX(0,INDEX(학생수별!$I$5:$I$204,MATCH(C$4,학생수별!$A$5:$A$204,0)))*$A6 -> 0 | D6: =가정!$B$5+MAX(0,INDEX(학생수별!$I$5:$I$204,MATCH(D$4,학생수별!$A$5:$A$204,0)))*$A6 -> 0 | E6: =가정!$B$5+MAX(0,INDEX(학생수별!$I$5:$I$204,MATCH(E$4,학생수별!$A$5:$A$204,0)))*$A6 -> 0 | F6: =가정!$B$5+MAX(0,INDEX(학생수별!$I$5:$I$204,MATCH(F$4,학생수별!$A$5:$A$204,0)))*$A6 -> 240000 | G6: =가정!$B$5+MAX(0,INDEX(학생수별!$I$5:$I$204,MATCH(G$4,학생수별!$A$5:$A$204,0)))*$A6 -> 236000 | H6: =가정!$B$5+MAX(0,INDEX(학생수별!$I$5:$I$204,MATCH(H$4,학생수별!$A$5:$A$204,0)))*$A6 -> 512000 | I6: =가정!$B$5+MAX(0,INDEX(학생수별!$I$5:$I$204,MATCH(I$4,학생수별!$A$5:$A$204,0)))*$A6 -> 788000 | ... M6: =가정!$B$5+MAX(0,INDEX(학생수별!$I$5:$I$204,MATCH(M$4,학생수별!$A$5:$A$204,0)))*$A6 -> 1880000
A7: 0.15 | B7: =가정!$B$5+MAX(0,INDEX(학생수별!$I$5:$I$204,MATCH(B$4,학생수별!$A$5:$A$204,0)))*$A7 -> 0 | C7: =가정!$B$5+MAX(0,INDEX(학생수별!$I$5:$I$204,MATCH(C$4,학생수별!$A$5:$A$204,0)))*$A7 -> 0 | D7: =가정!$B$5+MAX(0,INDEX(학생수별!$I$5:$I$204,MATCH(D$4,학생수별!$A$5:$A$204,0)))*$A7 -> 0 | E7: =가정!$B$5+MAX(0,INDEX(학생수별!$I$5:$I$204,MATCH(E$4,학생수별!$A$5:$A$204,0)))*$A7 -> 0 | F7: =가정!$B$5+MAX(0,INDEX(학생수별!$I$5:$I$204,MATCH(F$4,학생수별!$A$5:$A$204,0)))*$A7 -> 360000 | G7: =가정!$B$5+MAX(0,INDEX(학생수별!$I$5:$I$204,MATCH(G$4,학생수별!$A$5:$A$204,0)))*$A7 -> 354000 | H7: =가정!$B$5+MAX(0,INDEX(학생수별!$I$5:$I$204,MATCH(H$4,학생수별!$A$5:$A$204,0)))*$A7 -> 768000 | I7: =가정!$B$5+MAX(0,INDEX(학생수별!$I$5:$I$204,MATCH(I$4,학생수별!$A$5:$A$204,0)))*$A7 -> 1182000 | ... M7: =가정!$B$5+MAX(0,INDEX(학생수별!$I$5:$I$204,MATCH(M$4,학생수별!$A$5:$A$204,0)))*$A7 -> 2820000
A8: 0.2 | B8: =가정!$B$5+MAX(0,INDEX(학생수별!$I$5:$I$204,MATCH(B$4,학생수별!$A$5:$A$204,0)))*$A8 -> 0 | C8: =가정!$B$5+MAX(0,INDEX(학생수별!$I$5:$I$204,MATCH(C$4,학생수별!$A$5:$A$204,0)))*$A8 -> 0 | D8: =가정!$B$5+MAX(0,INDEX(학생수별!$I$5:$I$204,MATCH(D$4,학생수별!$A$5:$A$204,0)))*$A8 -> 0 | E8: =가정!$B$5+MAX(0,INDEX(학생수별!$I$5:$I$204,MATCH(E$4,학생수별!$A$5:$A$204,0)))*$A8 -> 0 | F8: =가정!$B$5+MAX(0,INDEX(학생수별!$I$5:$I$204,MATCH(F$4,학생수별!$A$5:$A$204,0)))*$A8 -> 480000 | G8: =가정!$B$5+MAX(0,INDEX(학생수별!$I$5:$I$204,MATCH(G$4,학생수별!$A$5:$A$204,0)))*$A8 -> 472000 | H8: =가정!$B$5+MAX(0,INDEX(학생수별!$I$5:$I$204,MATCH(H$4,학생수별!$A$5:$A$204,0)))*$A8 -> 1024000 | I8: =가정!$B$5+MAX(0,INDEX(학생수별!$I$5:$I$204,MATCH(I$4,학생수별!$A$5:$A$204,0)))*$A8 -> 1576000 | ... M8: =가정!$B$5+MAX(0,INDEX(학생수별!$I$5:$I$204,MATCH(M$4,학생수별!$A$5:$A$204,0)))*$A8 -> 3760000
A9: 0.25 | B9: =가정!$B$5+MAX(0,INDEX(학생수별!$I$5:$I$204,MATCH(B$4,학생수별!$A$5:$A$204,0)))*$A9 -> 0 | C9: =가정!$B$5+MAX(0,INDEX(학생수별!$I$5:$I$204,MATCH(C$4,학생수별!$A$5:$A$204,0)))*$A9 -> 0 | D9: =가정!$B$5+MAX(0,INDEX(학생수별!$I$5:$I$204,MATCH(D$4,학생수별!$A$5:$A$204,0)))*$A9 -> 0 | E9: =가정!$B$5+MAX(0,INDEX(학생수별!$I$5:$I$204,MATCH(E$4,학생수별!$A$5:$A$204,0)))*$A9 -> 0 | F9: =가정!$B$5+MAX(0,INDEX(학생수별!$I$5:$I$204,MATCH(F$4,학생수별!$A$5:$A$204,0)))*$A9 -> 600000 | G9: =가정!$B$5+MAX(0,INDEX(학생수별!$I$5:$I$204,MATCH(G$4,학생수별!$A$5:$A$204,0)))*$A9 -> 590000 | H9: =가정!$B$5+MAX(0,INDEX(학생수별!$I$5:$I$204,MATCH(H$4,학생수별!$A$5:$A$204,0)))*$A9 -> 1280000 | I9: =가정!$B$5+MAX(0,INDEX(학생수별!$I$5:$I$204,MATCH(I$4,학생수별!$A$5:$A$204,0)))*$A9 -> 1970000 | ... M9: =가정!$B$5+MAX(0,INDEX(학생수별!$I$5:$I$204,MATCH(M$4,학생수별!$A$5:$A$204,0)))*$A9 -> 4700000
A10: 0.3 | B10: =가정!$B$5+MAX(0,INDEX(학생수별!$I$5:$I$204,MATCH(B$4,학생수별!$A$5:$A$204,0)))*$A10 -> 0 | C10: =가정!$B$5+MAX(0,INDEX(학생수별!$I$5:$I$204,MATCH(C$4,학생수별!$A$5:$A$204,0)))*$A10 -> 0 | D10: =가정!$B$5+MAX(0,INDEX(학생수별!$I$5:$I$204,MATCH(D$4,학생수별!$A$5:$A$204,0)))*$A10 -> 0 | E10: =가정!$B$5+MAX(0,INDEX(학생수별!$I$5:$I$204,MATCH(E$4,학생수별!$A$5:$A$204,0)))*$A10 -> 0 | F10: =가정!$B$5+MAX(0,INDEX(학생수별!$I$5:$I$204,MATCH(F$4,학생수별!$A$5:$A$204,0)))*$A10 -> 720000 | G10: =가정!$B$5+MAX(0,INDEX(학생수별!$I$5:$I$204,MATCH(G$4,학생수별!$A$5:$A$204,0)))*$A10 -> 708000 | H10: =가정!$B$5+MAX(0,INDEX(학생수별!$I$5:$I$204,MATCH(H$4,학생수별!$A$5:$A$204,0)))*$A10 -> 1536000 | I10: =가정!$B$5+MAX(0,INDEX(학생수별!$I$5:$I$204,MATCH(I$4,학생수별!$A$5:$A$204,0)))*$A10 -> 2364000 | ... M10: =가정!$B$5+MAX(0,INDEX(학생수별!$I$5:$I$204,MATCH(M$4,학생수별!$A$5:$A$204,0)))*$A10 -> 5640000
A12: 학생 수별 본사 귀속 순이익 (분원장 보수 지급 후)
A13: 학생 수 | B13: =B4 -> 10 | C13: =C4 -> 20 | D13: =D4 -> 30 | E13: =E4 -> 40 | F13: =F4 -> 50 | G13: =G4 -> 60 | H13: =H4 -> 70 | I13: =I4 -> 80 | ... M13: =M4 -> 150
A14: 현재 계약 기준 | B14: =INDEX(학생수별!$L$5:$L$204,MATCH(B$13,학생수별!$A$5:$A$204,0)) -> -5840000 | C14: =INDEX(학생수별!$L$5:$L$204,MATCH(C$13,학생수별!$A$5:$A$204,0)) -> -3080000 | D14: =INDEX(학생수별!$L$5:$L$204,MATCH(D$13,학생수별!$A$5:$A$204,0)) -> -3120000 | E14: =INDEX(학생수별!$L$5:$L$204,MATCH(E$13,학생수별!$A$5:$A$204,0)) -> -360000 | F14: =INDEX(학생수별!$L$5:$L$204,MATCH(F$13,학생수별!$A$5:$A$204,0)) -> 240000 | G14: =INDEX(학생수별!$L$5:$L$204,MATCH(G$13,학생수별!$A$5:$A$204,0)) -> 236000 | H14: =INDEX(학생수별!$L$5:$L$204,MATCH(H$13,학생수별!$A$5:$A$204,0)) -> 512000 | I14: =INDEX(학생수별!$L$5:$L$204,MATCH(I$13,학생수별!$A$5:$A$204,0)) -> 788000 | ... M14: =INDEX(학생수별!$L$5:$L$204,MATCH(M$13,학생수별!$A$5:$A$204,0)) -> 1880000
