Workbook

Sheet 요약
A1: 분원장 계약 타당성 요약 (월급 + 순수익 배분)
A2: ="계약 조건: 월 고정급 "&TEXT(가정!$B$5,"#,##0")&"원 + 순수익의 "&TEXT(가정!$B$6,"0%")&IF(가정!$B$7=1," (고정급 차감 후 순수익 기준)"," (고정급 차감 전 이익 기준)") -> 계약 조건: 월 고정급 4,000,000원 + 순수익의 90% (고정급 차감 후 순수익 기준)
A4: 항목 | B4: 값 | C4: 설명
A5: 분석 기준 학생 수 | B5: =가정!$B$30 -> 100 | C5: 가정 시트에서 변경
A6: 월 매출 | B6: =INDEX(학생수별!$B$5:$B$505,MATCH(가정!$B$30,학생수별!$A$5:$A$505,0)) -> 29000000
A7: 영업이익 (분원장 급여 차감 전) | B7: =INDEX(학생수별!$H$5:$H$505,MATCH(가정!$B$30,학생수별!$A$5:$A$505,0)) -> 12910000 | C7: 매출 - 고정비 - 강사비 - 변동비 - 로열티
A8: 인센티브 기준이익 | B8: =INDEX(학생수별!$I$5:$I$505,MATCH(가정!$B$30,학생수별!$A$5:$A$505,0)) -> 8910000 | C8: 음수면 인센티브 0
A9: 분원장 몫 (순수익 x 배분율) | B9: =INDEX(학생수별!$J$5:$J$505,MATCH(가정!$B$30,학생수별!$A$5:$A$505,0)) -> 8019000
A10: 분원장 월 총보수 | B10: =INDEX(학생수별!$K$5:$K$505,MATCH(가정!$B$30,학생수별!$A$5:$A$505,0)) -> 12019000 | C10: 고정급 + 순수익 배분
A11: 분원장 연 총보수 (12개월) | B11: =B10*12 -> 144228000 | C11: 퇴직금·4대보험 사업주 부담분 제외
A12: 분원장 보수 비중 (총보수/매출) | B12: =INDEX(학생수별!$M$5:$M$505,MATCH(가정!$B$30,학생수별!$A$5:$A$505,0)) -> 0.41444828 | C12: 일반적으로 지점 매출의 15~25% 안팎이 부담 가능한 수준인지 검토
A13: 본사(운영주체) 귀속 순이익 | B13: =INDEX(학생수별!$L$5:$L$505,MATCH(가정!$B$30,학생수별!$A$5:$A$505,0)) -> 891000 | C13: 분원장 보수까지 준 뒤 남는 이익
A14: 영업이익 중 분원장 몫 (총보수/영업이익) | B14: =IF(B7<=0,0,B10/B7) -> 0.93098373 | C14: 영업이익 중 분원장이 가져가는 비율
A15: 분원장 환산 시급 | B15: =INDEX(학생수별!$N$5:$N$505,MATCH(가정!$B$30,학생수별!$A$5:$A$505,0)) -> 60095 | C15: 월 총보수 / 월 근무시간
A16: 시장 분원장 보수 대비 | B16: =B10/가정!$B$31-1 -> 1.4038 | C16: 가정 시트의 시장 비교값 대비 +/-
A17: [핵심 기준 인원]
A18: 순수익이 처음 발생하는 학생 수 | B18: =IF(COUNT(학생수별!$O$5:$O$505)=0,"500명 초과",MIN(학생수별!$O$5:$O$505)) -> 54 | C18: 이 인원 미만에선 순수익 배분이 0원 (적자)
A19: 본사 손익분기 학생 수 (분원장 보수 지급 후) | B19: =IF(COUNT(학생수별!$P$5:$P$505)=0,"500명 초과",MIN(학생수별!$P$5:$P$505)) -> 54 | C19: 이 인원 미만이면 본사가 적자 - 계약 지속 불가능
A20: 분원장 목표보수 달성 학생 수 | B20: =IF(COUNT(학생수별!$Q$5:$Q$505)=0,"500명 초과",MIN(학생수별!$Q$5:$Q$505)) -> 77 | C20: 가정 시트의 '목표 월 총보수' 기준
A22: [자동 판정]
A23: =IF(B7<=0,"기준 인원에서 영업이익이 이미 적자입니다. 400만원 고정급 자체가 지점에 부담입니다.",IF(B13<0,"기준 인원에서 본사가 적자입니다 (분원장 보수 > 영업이익). 계약 조건 재검토 필요.","기준 인원에서 본사 흑자 - 계약 유지 가능.")) -> 기준 인원에서 본사 흑자 - 계약 유지 가능.
A24: =IF(B9=0,"기준 인원에서는 순수익 배분이 0원입니다. 학생 수가 "&B18&"명을 넘어야 순수익이 생깁니다.","기준 인원에서 원장 순수익 배분 "&TEXT(B9,"#,##0")&"원 발생, 총보수는 시장 대비 "&TEXT(B16,"+0%;-0%")&".") -> 기준 인원에서 원장 순수익 배분 8,019,000원 발생, 총보수는 시장 대비 +140%.
A25: =IF(B12>0.3,"분원장 보수가 매출의 30%를 넘어 과다합니다.",IF(B12<0.1,"분원장 보수가 매출의 10% 미만으로 분원장 입장에서 동기부여가 약할 수 있습니다.","분원장 보수 비중이 통상적인 범위(10~30%)입니다.")) -> 분원장 보수가 매출의 30%를 넘어 과다합니다.
A26: ="참고: 순수익 배분 구조는 학생 수가 늘수록 커지는 구조라 분원장 성장 동기가 되지만, 고정급이 있으면 손익분기까지의 위험을 본사가 지고, 고정급 0이면 적자 위험은 원장이 집니다. 1억 상환 시트에서 상환 가능성을 확인하세요." -> 참고: 순수익 배분 구조는 학생 수가 늘수록 커지는 구조라 분원장 성장 동기가 되지만, 고정급이 있으면 손익분기까지의 위험을 본사가 지고, 고정급 0이면 적자 위험은 원장이 집니다. 1억 상환 시트에서 상환 가능성을 확인하세요.

Sheet 1억 상환
A1: 1억 상환 구간 시뮬레이션 (본사 10% / 원장 90%)
A2: 해석: 초기 인테리어 등 투자비 1억을 본사가 회수한다고 보고, 순수익의 10%가 본사로 가서 1억 상환에 쓰이고, 원장이 90%를 가져간다고 가정했습니다. 다르면 알려주세요.
A4: [입력]
A5: 상환 대상 금액 | B5: 100000000 | C5: 사용자 제시 (1억)
A6: 상환 기한(개월) | B6: 12 | C6: 사용자 제시 (1년)
A7: 상환 후 본사 배분율 | B7: 0.1 | C7: 가정: 미정이라 동일 10% 유지 - 실제 조건으로 교체
A9: [기준 학생 수 결과]
A10: 분석 기준 학생 수 | B10: =가정!$B$30 -> 100
A11: 영업이익 (월) | B11: =INDEX(학생수별!$H$5:$H$505,MATCH(가정!$B$30,학생수별!$A$5:$A$505,0)) -> 12910000
A12: 본사 월 수취 (상환 재원) | B12: =MAX(0,INDEX(학생수별!$I$5:$I$505,MATCH(가정!$B$30,학생수별!$A$5:$A$505,0)))*(1-가정!$B$6) -> 891000
A13: 원장 월 총수입 (고정급 + 순수익 배분) | B13: =INDEX(학생수별!$K$5:$K$505,MATCH(가정!$B$30,학생수별!$A$5:$A$505,0)) -> 12019000
A14: 상환 기한 내 누적 상환액 | B14: =B12*B6 -> 10692000
A15: 기한 후 미상환 잔액 | B15: =MAX(0,B5-B14) -> 89308000
A16: 완납까지 소요 개월 | B16: =IF(B12>0,B5/B12,"상환 불가(이익 없음)") -> 112.23345
A17: 기한 내 완납에 필요한 본사 월 수취액 | B17: =B5/B6 -> 8333333.3
A18: 그 수취액을 만들기 위한 월 영업이익 | B18: =B17/(1-가정!$B$6) -> 83333333
A19: 기한 내 완납 가능한 최소 학생 수 | B19: =IF(COUNT(학생수별!$R$5:$R$505)=0,"500명 초과",MIN(학생수별!$R$5:$R$505)) -> 478
A20: 기준 학생 수에서 기한 내 완납에 필요한 본사 배분율 | B20: =IF(B11<=0,"이익 없음",MIN(1,B17/B11)) -> 0.64549445
A22: [학생 수별 상환 가능성]
A23: 학생 수 | B23: 월 영업이익 | C23: 본사 월 수취 | D23: 원장 월 수입 | E23: 기한 내 누적 상환 | F23: 기한 후 잔액 | G23: 완납 소요 개월 | H23: 기한 내 완납?
A24: 0 | B24: =INDEX(학생수별!$H$5:$H$505,MATCH(A24,학생수별!$A$5:$A$505,0)) -> -3590000 | C24: =MAX(0,INDEX(학생수별!$I$5:$I$505,MATCH(A24,학생수별!$A$5:$A$505,0)))*(1-가정!$B$6) -> 0 | D24: =INDEX(학생수별!$K$5:$K$505,MATCH(A24,학생수별!$A$5:$A$505,0)) -> 4000000 | E24: =C24*$B$6 -> 0 | F24: =MAX(0,$B$5-E24) -> 100000000 | G24: =IF(C24>0,$B$5/C24,"불가") -> 불가 | H24: =IF(F24=0,"예","아니오") -> 아니오
A25: 50 | B25: =INDEX(학생수별!$H$5:$H$505,MATCH(A25,학생수별!$A$5:$A$505,0)) -> 2960000 | C25: =MAX(0,INDEX(학생수별!$I$5:$I$505,MATCH(A25,학생수별!$A$5:$A$505,0)))*(1-가정!$B$6) -> 0 | D25: =INDEX(학생수별!$K$5:$K$505,MATCH(A25,학생수별!$A$5:$A$505,0)) -> 4000000 | E25: =C25*$B$6 -> 0 | F25: =MAX(0,$B$5-E25) -> 100000000 | G25: =IF(C25>0,$B$5/C25,"불가") -> 불가 | H25: =IF(F25=0,"예","아니오") -> 아니오
A26: 100 | B26: =INDEX(학생수별!$H$5:$H$505,MATCH(A26,학생수별!$A$5:$A$505,0)) -> 12910000 | C26: =MAX(0,INDEX(학생수별!$I$5:$I$505,MATCH(A26,학생수별!$A$5:$A$505,0)))*(1-가정!$B$6) -> 891000 | D26: =INDEX(학생수별!$K$5:$K$505,MATCH(A26,학생수별!$A$5:$A$505,0)) -> 12019000 | E26: =C26*$B$6 -> 10692000 | F26: =MAX(0,$B$5-E26) -> 89308000 | G26: =IF(C26>0,$B$5/C26,"불가") -> 112.23345 | H26: =IF(F26=0,"예","아니오") -> 아니오
A27: 150 | B27: =INDEX(학생수별!$H$5:$H$505,MATCH(A27,학생수별!$A$5:$A$505,0)) -> 22460000 | C27: =MAX(0,INDEX(학생수별!$I$5:$I$505,MATCH(A27,학생수별!$A$5:$A$505,0)))*(1-가정!$B$6) -> 1846000 | D27: =INDEX(학생수별!$K$5:$K$505,MATCH(A27,학생수별!$A$5:$A$505,0)) -> 20614000 | E27: =C27*$B$6 -> 22152000 | F27: =MAX(0,$B$5-E27) -> 77848000 | G27: =IF(C27>0,$B$5/C27,"불가") -> 54.171181 | H27: =IF(F27=0,"예","아니오") -> 아니오
A28: 200 | B28: =INDEX(학생수별!$H$5:$H$505,MATCH(A28,학생수별!$A$5:$A$505,0)) -> 32410000 | C28: =MAX(0,INDEX(학생수별!$I$5:$I$505,MATCH(A28,학생수별!$A$5:$A$505,0)))*(1-가정!$B$6) -> 2841000 | D28: =INDEX(학생수별!$K$5:$K$505,MATCH(A28,학생수별!$A$5:$A$505,0)) -> 29569000 | E28: =C28*$B$6 -> 34092000 | F28: =MAX(0,$B$5-E28) -> 65908000 | G28: =IF(C28>0,$B$5/C28,"불가") -> 35.198874 | H28: =IF(F28=0,"예","아니오") -> 아니오
A29: 250 | B29: =INDEX(학생수별!$H$5:$H$505,MATCH(A29,학생수별!$A$5:$A$505,0)) -> 38960000 | C29: =MAX(0,INDEX(학생수별!$I$5:$I$505,MATCH(A29,학생수별!$A$5:$A$505,0)))*(1-가정!$B$6) -> 3496000 | D29: =INDEX(학생수별!$K$5:$K$505,MATCH(A29,학생수별!$A$5:$A$505,0)) -> 35464000 | E29: =C29*$B$6 -> 41952000 | F29: =MAX(0,$B$5-E29) -> 58048000 | G29: =IF(C29>0,$B$5/C29,"불가") -> 28.604119 | H29: =IF(F29=0,"예","아니오") -> 아니오
A30: 300 | B30: =INDEX(학생수별!$H$5:$H$505,MATCH(A30,학생수별!$A$5:$A$505,0)) -> 53410000 | C30: =MAX(0,INDEX(학생수별!$I$5:$I$505,MATCH(A30,학생수별!$A$5:$A$505,0)))*(1-가정!$B$6) -> 4941000 | D30: =INDEX(학생수별!$K$5:$K$505,MATCH(A30,학생수별!$A$5:$A$505,0)) -> 48469000 | E30: =C30*$B$6 -> 59292000 | F30: =MAX(0,$B$5-E30) -> 40708000 | G30: =IF(C30>0,$B$5/C30,"불가") -> 20.238818 | H30: =IF(F30=0,"예","아니오") -> 아니오
A31: 350 | B31: =INDEX(학생수별!$H$5:$H$505,MATCH(A31,학생수별!$A$5:$A$505,0)) -> 62960000 | C31: =MAX(0,INDEX(학생수별!$I$5:$I$505,MATCH(A31,학생수별!$A$5:$A$505,0)))*(1-가정!$B$6) -> 5896000 | D31: =INDEX(학생수별!$K$5:$K$505,MATCH(A31,학생수별!$A$5:$A$505,0)) -> 57064000 | E31: =C31*$B$6 -> 70752000 | F31: =MAX(0,$B$5-E31) -> 29248000 | G31: =IF(C31>0,$B$5/C31,"불가") -> 16.960651 | H31: =IF(F31=0,"예","아니오") -> 아니오
A32: 400 | B32: =INDEX(학생수별!$H$5:$H$505,MATCH(A32,학생수별!$A$5:$A$505,0)) -> 72910000 | C32: =MAX(0,INDEX(학생수별!$I$5:$I$505,MATCH(A32,학생수별!$A$5:$A$505,0)))*(1-가정!$B$6) -> 6891000 | D32: =INDEX(학생수별!$K$5:$K$505,MATCH(A32,학생수별!$A$5:$A$505,0)) -> 66019000 | E32: =C32*$B$6 -> 82692000 | F32: =MAX(0,$B$5-E32) -> 17308000 | G32: =IF(C32>0,$B$5/C32,"불가") -> 14.511682 | H32: =IF(F32=0,"예","아니오") -> 아니오
A33: 450 | B33: =INDEX(학생수별!$H$5:$H$505,MATCH(A33,학생수별!$A$5:$A$505,0)) -> 79460000 | C33: =MAX(0,INDEX(학생수별!$I$5:$I$505,MATCH(A33,학생수별!$A$5:$A$505,0)))*(1-가정!$B$6) -> 7546000 | D33: =INDEX(학생수별!$K$5:$K$505,MATCH(A33,학생수별!$A$5:$A$505,0)) -> 71914000 | E33: =C33*$B$6 -> 90552000 | F33: =MAX(0,$B$5-E33) -> 9448000 | G33: =IF(C33>0,$B$5/C33,"불가") -> 13.252054 | H33: =IF(F33=0,"예","아니오") -> 아니오
A34: 500 | B34: =INDEX(학생수별!$H$5:$H$505,MATCH(A34,학생수별!$A$5:$A$505,0)) -> 89410000 | C34: =MAX(0,INDEX(학생수별!$I$5:$I$505,MATCH(A34,학생수별!$A$5:$A$505,0)))*(1-가정!$B$6) -> 8541000 | D34: =INDEX(학생수별!$K$5:$K$505,MATCH(A34,학생수별!$A$5:$A$505,0)) -> 80869000 | E34: =C34*$B$6 -> 102492000 | F34: =MAX(0,$B$5-E34) -> 0 | G34: =IF(C34>0,$B$5/C34,"불가") -> 11.708231 | H34: =IF(F34=0,"예","아니오") -> 예

Sheet 가정
A1: 분원장 계약 조건 시뮬레이터 - 가정(입력)
A2: 파란 글씨 + 노란 칸 = 직접 수정하는 입력값입니다. 아래 수치는 모두 '예시'이므로 실제 지점 수치로 교체하세요. (단위: 원)
A4: [계약 조건]
A5: 분원장 월 고정급 | B5: 4000000 | C5: 사용자 제시: 원장급여 400만원 (비용 처리 후 남은 순수익을 90:10 배분). 0이면 급여 없이 90%만
A6: 순수익 배분율(분원장 몫) | B6: 0.9 | C6: 변경: 원장 90% / 본사 10% (사용자 제시)
A7: 인센티브 기준이익에서 고정급 차감? (1=차감, 0=차감 안 함) | B7: 1 | C7: 1이면 '고정급까지 준 뒤 남은 순수익'의 20%. 0이면 고정급 차감 전 이익의 20%
A8: 분원장 월 근무시간(시급 환산용) | B8: 200 | C8: 주 5일 x 9시간 x 약 4.3주 가정 (예시)
A9: [매출]
A10: 학생 1인당 월 수강료 | B10: 290000 | C10: 사용자 제시: 29만원
A11: [고정비 (월)]
A12: 임대료 | B12: 2500000 | C12: 사용자 제시: 250만원
A13: 관리비 | B13: 700000 | C13: 사용자 제시: 70만원
A14: 정수기(4만)+인터넷(5만) | B14: 90000 | C14: 사용자 제시: 정수기 4만원 + 인터넷비 5만원
A15: 마케팅/광고비 | B15: 0 | C15: 미제시 - 필요 시 입력
A16: 기타잡비 | B16: 300000 | C16: 사용자가 항목만 언급(금액 미제시) - 가정값 30만원, 교체 필요
A17: [인력 구조]
A18: 분원장 직접 수업 가능 학생 수 | B18: 0 | C18: 원장 수업 미언급 - 0으로 가정
A19: 강사 1인당 담당 학생 수 | B19: 60 | C19: 사용자 제시: 강사 1명이 60명 담당 (인원 늘면 계단식 증가)
A20: 강사 월급 | B20: 4500000 | C20: 사용자 제시: 450만원
A21: 실장 월급 | B21: 3000000 | C21: 사용자 제시: 300만원
A22: 실장 1인당 커버 학생 수 | B22: 200 | C22: 사용자 제시: 학생 200명 커버 가능
A23: 조교 월 알바비 | B23: 400000 | C23: 사용자 제시: 40만원
A24: 조교 1인당 학생 수 | B24: 100 | C24: 사용자 제시: 학생 100명당 조교 1명
A25: [변동비]
A26: 학생 1인당 복사기 렌탈료 | B26: 1000 | C26: 사용자 제시: 100명당 10만원 = 1인당 1,000원
A27: 매출 대비 변동비율(결제수수료 등) | B27: 0 | C27: 미제시 - 필요 시 입력
A28: 본사 로열티(매출 대비) | B28: 0 | C28: 본사 로열티가 있다면 입력. 이 경우 본사 몫 계산에서는 로열티 별도
A29: [분석 기준]
A30: 분석 기준 학생 수 | B30: 100 | C30: 요약 시트 기준 인원
A31: 비교용 시장 분원장 월 총보수 | B31: 5000000 | C31: 동일 규모 타 지점/시장 분원장 평균 (예시, 조사 후 교체)
A32: 분원장 목표 월 총보수 | B32: 6000000 | C32: 이 금액 달성에 필요한 학생 수 계산용 (예시)
A34: 고정비 합계 (자동) | B34: =SUM(B12:B16) -> 3590000

Sheet 학생수별
A1: 학생 수별 월 손익 및 분원장 보수 (0~500명)
A2: 모든 값은 '가정' 시트의 입력값으로 자동 계산됩니다. 단위: 원/월
A4: 학생 수 | B4: 월 매출 | C4: 고정비 | D4: 강사 수 | E4: 인건비 (강사+실장+조교) | F4: 변동비 | G4: 본사 로열티 | H4: 영업이익 (분원장 급여 차감 전) | I4: 인센티브 기준이익 | J4: 분원장 인센티브 | K4: 분원장 월 총보수 | L4: 본사(운영주체) 귀속 순이익 | M4: 분원장 총보수/매출 | N4: 분원장 환산 시급 | O4: 인센티브 발생?(학생수) | P4: 본사 흑자?(학생수) | Q4: 목표보수 달성?(학생수) | R4: 12개월 내 1억 완납?(학생수)
A5: 0 | B5: =A5*가정!$B$10 -> 0 | C5: =가정!$B$34 -> 3590000 | D5: =ROUNDUP(MAX(0,A5-가정!$B$18)/가정!$B$19,0) -> 0 | E5: =D5*가정!$B$20+ROUNDUP(A5/가정!$B$22,0)*가정!$B$21+ROUNDUP(A5/가정!$B$24,0)*가정!$B$23 -> 0 | F5: =A5*가정!$B$26+B5*가정!$B$27 -> 0 | G5: =B5*가정!$B$28 -> 0 | H5: =B5-C5-E5-F5-G5 -> -3590000 | I5: =H5-IF(가정!$B$7=1,가정!$B$5,0) -> -7590000 | J5: =MAX(0,I5)*가정!$B$6 -> 0 | K5: =가정!$B$5+J5 -> 4000000 | L5: =H5-K5 -> -7590000 | M5: =IF(B5=0,0,K5/B5) -> 0 | N5: =K5/가정!$B$8 -> 20000 | O5: =IF(I5>0,A5,"") | P5: =IF(L5>=0,A5,"") | Q5: =IF(K5>=가정!$B$32,A5,"") | R5: =IF(MAX(0,I5)*(1-가정!$B$6)*'1억 상환'!$B$6>='1억 상환'!$B$5,A5,"")
A6: 1 | B6: =A6*가정!$B$10 -> 290000 | C6: =가정!$B$34 -> 3590000 | D6: =ROUNDUP(MAX(0,A6-가정!$B$18)/가정!$B$19,0) -> 1 | E6: =D6*가정!$B$20+ROUNDUP(A6/가정!$B$22,0)*가정!$B$21+ROUNDUP(A6/가정!$B$24,0)*가정!$B$23 -> 7900000 | F6: =A6*가정!$B$26+B6*가정!$B$27 -> 1000 | G6: =B6*가정!$B$28 -> 0 | H6: =B6-C6-E6-F6-G6 -> -11201000 | I6: =H6-IF(가정!$B$7=1,가정!$B$5,0) -> -15201000 | J6: =MAX(0,I6)*가정!$B$6 -> 0 | K6: =가정!$B$5+J6 -> 4000000 | L6: =H6-K6 -> -15201000 | M6: =IF(B6=0,0,K6/B6) -> 13.793103 | N6: =K6/가정!$B$8 -> 20000 | O6: =IF(I6>0,A6,"") | P6: =IF(L6>=0,A6,"") | Q6: =IF(K6>=가정!$B$32,A6,"") | R6: =IF(MAX(0,I6)*(1-가정!$B$6)*'1억 상환'!$B$6>='1억 상환'!$B$5,A6,"")
A7: 2 | B7: =A7*가정!$B$10 -> 580000 | C7: =가정!$B$34 -> 3590000 | D7: =ROUNDUP(MAX(0,A7-가정!$B$18)/가정!$B$19,0) -> 1 | E7: =D7*가정!$B$20+ROUNDUP(A7/가정!$B$22,0)*가정!$B$21+ROUNDUP(A7/가정!$B$24,0)*가정!$B$23 -> 7900000 | F7: =A7*가정!$B$26+B7*가정!$B$27 -> 2000 | G7: =B7*가정!$B$28 -> 0 | H7: =B7-C7-E7-F7-G7 -> -10912000 | I7: =H7-IF(가정!$B$7=1,가정!$B$5,0) -> -14912000 | J7: =MAX(0,I7)*가정!$B$6 -> 0 | K7: =가정!$B$5+J7 -> 4000000 | L7: =H7-K7 -> -14912000 | M7: =IF(B7=0,0,K7/B7) -> 6.8965517 | N7: =K7/가정!$B$8 -> 20000 | O7: =IF(I7>0,A7,"") | P7: =IF(L7>=0,A7,"") | Q7: =IF(K7>=가정!$B$32,A7,"") | R7: =IF(MAX(0,I7)*(1-가정!$B$6)*'1억 상환'!$B$6>='1억 상환'!$B$5,A7,"")
A8: 3 | B8: =A8*가정!$B$10 -> 870000 | C8: =가정!$B$34 -> 3590000 | D8: =ROUNDUP(MAX(0,A8-가정!$B$18)/가정!$B$19,0) -> 1 | E8: =D8*가정!$B$20+ROUNDUP(A8/가정!$B$22,0)*가정!$B$21+ROUNDUP(A8/가정!$B$24,0)*가정!$B$23 -> 7900000 | F8: =A8*가정!$B$26+B8*가정!$B$27 -> 3000 | G8: =B8*가정!$B$28 -> 0 | H8: =B8-C8-E8-F8-G8 -> -10623000 | I8: =H8-IF(가정!$B$7=1,가정!$B$5,0) -> -14623000 | J8: =MAX(0,I8)*가정!$B$6 -> 0 | K8: =가정!$B$5+J8 -> 4000000 | L8: =H8-K8 -> -14623000 | M8: =IF(B8=0,0,K8/B8) -> 4.5977011 | N8: =K8/가정!$B$8 -> 20000 | O8: =IF(I8>0,A8,"") | P8: =IF(L8>=0,A8,"") | Q8: =IF(K8>=가정!$B$32,A8,"") | R8: =IF(MAX(0,I8)*(1-가정!$B$6)*'1억 상환'!$B$6>='1억 상환'!$B$5,A8,"")
A9: 4 | B9: =A9*가정!$B$10 -> 1160000 | C9: =가정!$B$34 -> 3590000 | D9: =ROUNDUP(MAX(0,A9-가정!$B$18)/가정!$B$19,0) -> 1 | E9: =D9*가정!$B$20+ROUNDUP(A9/가정!$B$22,0)*가정!$B$21+ROUNDUP(A9/가정!$B$24,0)*가정!$B$23 -> 7900000 | F9: =A9*가정!$B$26+B9*가정!$B$27 -> 4000 | G9: =B9*가정!$B$28 -> 0 | H9: =B9-C9-E9-F9-G9 -> -10334000 | I9: =H9-IF(가정!$B$7=1,가정!$B$5,0) -> -14334000 | J9: =MAX(0,I9)*가정!$B$6 -> 0 | K9: =가정!$B$5+J9 -> 4000000 | L9: =H9-K9 -> -14334000 | M9: =IF(B9=0,0,K9/B9) -> 3.4482759 | N9: =K9/가정!$B$8 -> 20000 | O9: =IF(I9>0,A9,"") | P9: =IF(L9>=0,A9,"") | Q9: =IF(K9>=가정!$B$32,A9,"") | R9: =IF(MAX(0,I9)*(1-가정!$B$6)*'1억 상환'!$B$6>='1억 상환'!$B$5,A9,"")
A10: 5 | B10: =A10*가정!$B$10 -> 1450000 | C10: =가정!$B$34 -> 3590000 | D10: =ROUNDUP(MAX(0,A10-가정!$B$18)/가정!$B$19,0) -> 1 | E10: =D10*가정!$B$20+ROUNDUP(A10/가정!$B$22,0)*가정!$B$21+ROUNDUP(A10/가정!$B$24,0)*가정!$B$23 -> 7900000 | F10: =A10*가정!$B$26+B10*가정!$B$27 -> 5000 | G10: =B10*가정!$B$28 -> 0 | H10: =B10-C10-E10-F10-G10 -> -10045000 | I10: =H10-IF(가정!$B$7=1,가정!$B$5,0) -> -14045000 | J10: =MAX(0,I10)*가정!$B$6 -> 0 | K10: =가정!$B$5+J10 -> 4000000 | L10: =H10-K10 -> -14045000 | M10: =IF(B10=0,0,K10/B10) -> 2.7586207 | N10: =K10/가정!$B$8 -> 20000 | O10: =IF(I10>0,A10,"") | P10: =IF(L10>=0,A10,"") | Q10: =IF(K10>=가정!$B$32,A10,"") | R10: =IF(MAX(0,I10)*(1-가정!$B$6)*'1억 상환'!$B$6>='1억 상환'!$B$5,A10,"")
A11: 6 | B11: =A11*가정!$B$10 -> 1740000 | C11: =가정!$B$34 -> 3590000 | D11: =ROUNDUP(MAX(0,A11-가정!$B$18)/가정!$B$19,0) -> 1 | E11: =D11*가정!$B$20+ROUNDUP(A11/가정!$B$22,0)*가정!$B$21+ROUNDUP(A11/가정!$B$24,0)*가정!$B$23 -> 7900000 | F11: =A11*가정!$B$26+B11*가정!$B$27 -> 6000 | G11: =B11*가정!$B$28 -> 0 | H11: =B11-C11-E11-F11-G11 -> -9756000 | I11: =H11-IF(가정!$B$7=1,가정!$B$5,0) -> -13756000 | J11: =MAX(0,I11)*가정!$B$6 -> 0 | K11: =가정!$B$5+J11 -> 4000000 | L11: =H11-K11 -> -13756000 | M11: =IF(B11=0,0,K11/B11) -> 2.2988506 | N11: =K11/가정!$B$8 -> 20000 | O11: =IF(I11>0,A11,"") | P11: =IF(L11>=0,A11,"") | Q11: =IF(K11>=가정!$B$32,A11,"") | R11: =IF(MAX(0,I11)*(1-가정!$B$6)*'1억 상환'!$B$6>='1억 상환'!$B$5,A11,"")
A12: 7 | B12: =A12*가정!$B$10 -> 2030000 | C12: =가정!$B$34 -> 3590000 | D12: =ROUNDUP(MAX(0,A12-가정!$B$18)/가정!$B$19,0) -> 1 | E12: =D12*가정!$B$20+ROUNDUP(A12/가정!$B$22,0)*가정!$B$21+ROUNDUP(A12/가정!$B$24,0)*가정!$B$23 -> 7900000 | F12: =A12*가정!$B$26+B12*가정!$B$27 -> 7000 | G12: =B12*가정!$B$28 -> 0 | H12: =B12-C12-E12-F12-G12 -> -9467000 | I12: =H12-IF(가정!$B$7=1,가정!$B$5,0) -> -13467000 | J12: =MAX(0,I12)*가정!$B$6 -> 0 | K12: =가정!$B$5+J12 -> 4000000 | L12: =H12-K12 -> -13467000 | M12: =IF(B12=0,0,K12/B12) -> 1.9704433 | N12: =K12/가정!$B$8 -> 20000 | O12: =IF(I12>0,A12,"") | P12: =IF(L12>=0,A12,"") | Q12: =IF(K12>=가정!$B$32,A12,"") | R12: =IF(MAX(0,I12)*(1-가정!$B$6)*'1억 상환'!$B$6>='1억 상환'!$B$5,A12,"")
A13: 8 | B13: =A13*가정!$B$10 -> 2320000 | C13: =가정!$B$34 -> 3590000 | D13: =ROUNDUP(MAX(0,A13-가정!$B$18)/가정!$B$19,0) -> 1 | E13: =D13*가정!$B$20+ROUNDUP(A13/가정!$B$22,0)*가정!$B$21+ROUNDUP(A13/가정!$B$24,0)*가정!$B$23 -> 7900000 | F13: =A13*가정!$B$26+B13*가정!$B$27 -> 8000 | G13: =B13*가정!$B$28 -> 0 | H13: =B13-C13-E13-F13-G13 -> -9178000 | I13: =H13-IF(가정!$B$7=1,가정!$B$5,0) -> -13178000 | J13: =MAX(0,I13)*가정!$B$6 -> 0 | K13: =가정!$B$5+J13 -> 4000000 | L13: =H13-K13 -> -13178000 | M13: =IF(B13=0,0,K13/B13) -> 1.7241379 | N13: =K13/가정!$B$8 -> 20000 | O13: =IF(I13>0,A13,"") | P13: =IF(L13>=0,A13,"") | Q13: =IF(K13>=가정!$B$32,A13,"") | R13: =IF(MAX(0,I13)*(1-가정!$B$6)*'1억 상환'!$B$6>='1억 상환'!$B$5,A13,"")
A14: 9 | B14: =A14*가정!$B$10 -> 2610000 | C14: =가정!$B$34 -> 3590000 | D14: =ROUNDUP(MAX(0,A14-가정!$B$18)/가정!$B$19,0) -> 1 | E14: =D14*가정!$B$20+ROUNDUP(A14/가정!$B$22,0)*가정!$B$21+ROUNDUP(A14/가정!$B$24,0)*가정!$B$23 -> 7900000 | F14: =A14*가정!$B$26+B14*가정!$B$27 -> 9000 | G14: =B14*가정!$B$28 -> 0 | H14: =B14-C14-E14-F14-G14 -> -8889000 | I14: =H14-IF(가정!$B$7=1,가정!$B$5,0) -> -12889000 | J14: =MAX(0,I14)*가정!$B$6 -> 0 | K14: =가정!$B$5+J14 -> 4000000 | L14: =H14-K14 -> -12889000 | M14: =IF(B14=0,0,K14/B14) -> 1.532567 | N14: =K14/가정!$B$8 -> 20000 | O14: =IF(I14>0,A14,"") | P14: =IF(L14>=0,A14,"") | Q14: =IF(K14>=가정!$B$32,A14,"") | R14: =IF(MAX(0,I14)*(1-가정!$B$6)*'1억 상환'!$B$6>='1억 상환'!$B$5,A14,"")
A15: 10 | B15: =A15*가정!$B$10 -> 2900000 | C15: =가정!$B$34 -> 3590000 | D15: =ROUNDUP(MAX(0,A15-가정!$B$18)/가정!$B$19,0) -> 1 | E15: =D15*가정!$B$20+ROUNDUP(A15/가정!$B$22,0)*가정!$B$21+ROUNDUP(A15/가정!$B$24,0)*가정!$B$23 -> 7900000 | F15: =A15*가정!$B$26+B15*가정!$B$27 -> 10000 | G15: =B15*가정!$B$28 -> 0 | H15: =B15-C15-E15-F15-G15 -> -8600000 | I15: =H15-IF(가정!$B$7=1,가정!$B$5,0) -> -12600000 | J15: =MAX(0,I15)*가정!$B$6 -> 0 | K15: =가정!$B$5+J15 -> 4000000 | L15: =H15-K15 -> -12600000 | M15: =IF(B15=0,0,K15/B15) -> 1.3793103 | N15: =K15/가정!$B$8 -> 20000 | O15: =IF(I15>0,A15,"") | P15: =IF(L15>=0,A15,"") | Q15: =IF(K15>=가정!$B$32,A15,"") | R15: =IF(MAX(0,I15)*(1-가정!$B$6)*'1억 상환'!$B$6>='1억 상환'!$B$5,A15,"")
A16: 11 | B16: =A16*가정!$B$10 -> 3190000 | C16: =가정!$B$34 -> 3590000 | D16: =ROUNDUP(MAX(0,A16-가정!$B$18)/가정!$B$19,0) -> 1 | E16: =D16*가정!$B$20+ROUNDUP(A16/가정!$B$22,0)*가정!$B$21+ROUNDUP(A16/가정!$B$24,0)*가정!$B$23 -> 7900000 | F16: =A16*가정!$B$26+B16*가정!$B$27 -> 11000 | G16: =B16*가정!$B$28 -> 0 | H16: =B16-C16-E16-F16-G16 -> -8311000 | I16: =H16-IF(가정!$B$7=1,가정!$B$5,0) -> -12311000 | J16: =MAX(0,I16)*가정!$B$6 -> 0 | K16: =가정!$B$5+J16 -> 4000000 | L16: =H16-K16 -> -12311000 | M16: =IF(B16=0,0,K16/B16) -> 1.2539185 | N16: =K16/가정!$B$8 -> 20000 | O16: =IF(I16>0,A16,"") | P16: =IF(L16>=0,A16,"") | Q16: =IF(K16>=가정!$B$32,A16,"") | R16: =IF(MAX(0,I16)*(1-가정!$B$6)*'1억 상환'!$B$6>='1억 상환'!$B$5,A16,"")
... A505: 500 | B505: =A505*가정!$B$10 -> 145000000 | C505: =가정!$B$34 -> 3590000 | D505: =ROUNDUP(MAX(0,A505-가정!$B$18)/가정!$B$19,0) -> 9 | E505: =D505*가정!$B$20+ROUNDUP(A505/가정!$B$22,0)*가정!$B$21+ROUNDUP(A505/가정!$B$24,0)*가정!$B$23 -> 51500000 | F505: =A505*가정!$B$26+B505*가정!$B$27 -> 500000 | G505: =B505*가정!$B$28 -> 0 | H505: =B505-C505-E505-F505-G505 -> 89410000 | I505: =H505-IF(가정!$B$7=1,가정!$B$5,0) -> 85410000 | J505: =MAX(0,I505)*가정!$B$6 -> 76869000 | K505: =가정!$B$5+J505 -> 80869000 | L505: =H505-K505 -> 8541000 | M505: =IF(B505=0,0,K505/B505) -> 0.55771724 | N505: =K505/가정!$B$8 -> 404345 | O505: =IF(I505>0,A505,"") -> 500 | P505: =IF(L505>=0,A505,"") -> 500 | Q505: =IF(K505>=가정!$B$32,A505,"") -> 500 | R505: =IF(MAX(0,I505)*(1-가정!$B$6)*'1억 상환'!$B$6>='1억 상환'!$B$5,A505,"") -> 500

Sheet 민감도
A1: 분원장 월 총보수: 학생 수 x 배분율
A2: 고정급은 가정 시트 값, 인센티브 차감 방식도 가정 시트를 따릅니다. 배분율(노란 칸)은 직접 변경 가능.
A4: 배분율 \ 학생 수 | B4: 0 | C4: 20 | D4: 40 | E4: 60 | F4: 80 | G4: 100 | H4: 120 | I4: 150 | J4: 200 | K4: 250 | L4: 300 | M4: 400 | N4: 500
A5: 0 | B5: =가정!$B$5+MAX(0,INDEX(학생수별!$I$5:$I$505,MATCH(B$4,학생수별!$A$5:$A$505,0)))*$A5 -> 4000000 | C5: =가정!$B$5+MAX(0,INDEX(학생수별!$I$5:$I$505,MATCH(C$4,학생수별!$A$5:$A$505,0)))*$A5 -> 4000000 | D5: =가정!$B$5+MAX(0,INDEX(학생수별!$I$5:$I$505,MATCH(D$4,학생수별!$A$5:$A$505,0)))*$A5 -> 4000000 | E5: =가정!$B$5+MAX(0,INDEX(학생수별!$I$5:$I$505,MATCH(E$4,학생수별!$A$5:$A$505,0)))*$A5 -> 4000000 | F5: =가정!$B$5+MAX(0,INDEX(학생수별!$I$5:$I$505,MATCH(F$4,학생수별!$A$5:$A$505,0)))*$A5 -> 4000000 | G5: =가정!$B$5+MAX(0,INDEX(학생수별!$I$5:$I$505,MATCH(G$4,학생수별!$A$5:$A$505,0)))*$A5 -> 4000000 | H5: =가정!$B$5+MAX(0,INDEX(학생수별!$I$5:$I$505,MATCH(H$4,학생수별!$A$5:$A$505,0)))*$A5 -> 4000000 | I5: =가정!$B$5+MAX(0,INDEX(학생수별!$I$5:$I$505,MATCH(I$4,학생수별!$A$5:$A$505,0)))*$A5 -> 4000000 | ... N5: =가정!$B$5+MAX(0,INDEX(학생수별!$I$5:$I$505,MATCH(N$4,학생수별!$A$5:$A$505,0)))*$A5 -> 4000000
A6: 0.1 | B6: =가정!$B$5+MAX(0,INDEX(학생수별!$I$5:$I$505,MATCH(B$4,학생수별!$A$5:$A$505,0)))*$A6 -> 4000000 | C6: =가정!$B$5+MAX(0,INDEX(학생수별!$I$5:$I$505,MATCH(C$4,학생수별!$A$5:$A$505,0)))*$A6 -> 4000000 | D6: =가정!$B$5+MAX(0,INDEX(학생수별!$I$5:$I$505,MATCH(D$4,학생수별!$A$5:$A$505,0)))*$A6 -> 4000000 | E6: =가정!$B$5+MAX(0,INDEX(학생수별!$I$5:$I$505,MATCH(E$4,학생수별!$A$5:$A$505,0)))*$A6 -> 4185000 | F6: =가정!$B$5+MAX(0,INDEX(학생수별!$I$5:$I$505,MATCH(F$4,학생수별!$A$5:$A$505,0)))*$A6 -> 4313000 | G6: =가정!$B$5+MAX(0,INDEX(학생수별!$I$5:$I$505,MATCH(G$4,학생수별!$A$5:$A$505,0)))*$A6 -> 4891000 | H6: =가정!$B$5+MAX(0,INDEX(학생수별!$I$5:$I$505,MATCH(H$4,학생수별!$A$5:$A$505,0)))*$A6 -> 5429000 | I6: =가정!$B$5+MAX(0,INDEX(학생수별!$I$5:$I$505,MATCH(I$4,학생수별!$A$5:$A$505,0)))*$A6 -> 5846000 | ... N6: =가정!$B$5+MAX(0,INDEX(학생수별!$I$5:$I$505,MATCH(N$4,학생수별!$A$5:$A$505,0)))*$A6 -> 12541000
A7: 0.15 | B7: =가정!$B$5+MAX(0,INDEX(학생수별!$I$5:$I$505,MATCH(B$4,학생수별!$A$5:$A$505,0)))*$A7 -> 4000000 | C7: =가정!$B$5+MAX(0,INDEX(학생수별!$I$5:$I$505,MATCH(C$4,학생수별!$A$5:$A$505,0)))*$A7 -> 4000000 | D7: =가정!$B$5+MAX(0,INDEX(학생수별!$I$5:$I$505,MATCH(D$4,학생수별!$A$5:$A$505,0)))*$A7 -> 4000000 | E7: =가정!$B$5+MAX(0,INDEX(학생수별!$I$5:$I$505,MATCH(E$4,학생수별!$A$5:$A$505,0)))*$A7 -> 4277500 | F7: =가정!$B$5+MAX(0,INDEX(학생수별!$I$5:$I$505,MATCH(F$4,학생수별!$A$5:$A$505,0)))*$A7 -> 4469500 | G7: =가정!$B$5+MAX(0,INDEX(학생수별!$I$5:$I$505,MATCH(G$4,학생수별!$A$5:$A$505,0)))*$A7 -> 5336500 | H7: =가정!$B$5+MAX(0,INDEX(학생수별!$I$5:$I$505,MATCH(H$4,학생수별!$A$5:$A$505,0)))*$A7 -> 6143500 | I7: =가정!$B$5+MAX(0,INDEX(학생수별!$I$5:$I$505,MATCH(I$4,학생수별!$A$5:$A$505,0)))*$A7 -> 6769000 | ... N7: =가정!$B$5+MAX(0,INDEX(학생수별!$I$5:$I$505,MATCH(N$4,학생수별!$A$5:$A$505,0)))*$A7 -> 16811500
A8: 0.2 | B8: =가정!$B$5+MAX(0,INDEX(학생수별!$I$5:$I$505,MATCH(B$4,학생수별!$A$5:$A$505,0)))*$A8 -> 4000000 | C8: =가정!$B$5+MAX(0,INDEX(학생수별!$I$5:$I$505,MATCH(C$4,학생수별!$A$5:$A$505,0)))*$A8 -> 4000000 | D8: =가정!$B$5+MAX(0,INDEX(학생수별!$I$5:$I$505,MATCH(D$4,학생수별!$A$5:$A$505,0)))*$A8 -> 4000000 | E8: =가정!$B$5+MAX(0,INDEX(학생수별!$I$5:$I$505,MATCH(E$4,학생수별!$A$5:$A$505,0)))*$A8 -> 4370000 | F8: =가정!$B$5+MAX(0,INDEX(학생수별!$I$5:$I$505,MATCH(F$4,학생수별!$A$5:$A$505,0)))*$A8 -> 4626000 | G8: =가정!$B$5+MAX(0,INDEX(학생수별!$I$5:$I$505,MATCH(G$4,학생수별!$A$5:$A$505,0)))*$A8 -> 5782000 | H8: =가정!$B$5+MAX(0,INDEX(학생수별!$I$5:$I$505,MATCH(H$4,학생수별!$A$5:$A$505,0)))*$A8 -> 6858000 | I8: =가정!$B$5+MAX(0,INDEX(학생수별!$I$5:$I$505,MATCH(I$4,학생수별!$A$5:$A$505,0)))*$A8 -> 7692000 | ... N8: =가정!$B$5+MAX(0,INDEX(학생수별!$I$5:$I$505,MATCH(N$4,학생수별!$A$5:$A$505,0)))*$A8 -> 21082000
A9: 0.25 | B9: =가정!$B$5+MAX(0,INDEX(학생수별!$I$5:$I$505,MATCH(B$4,학생수별!$A$5:$A$505,0)))*$A9 -> 4000000 | C9: =가정!$B$5+MAX(0,INDEX(학생수별!$I$5:$I$505,MATCH(C$4,학생수별!$A$5:$A$505,0)))*$A9 -> 4000000 | D9: =가정!$B$5+MAX(0,INDEX(학생수별!$I$5:$I$505,MATCH(D$4,학생수별!$A$5:$A$505,0)))*$A9 -> 4000000 | E9: =가정!$B$5+MAX(0,INDEX(학생수별!$I$5:$I$505,MATCH(E$4,학생수별!$A$5:$A$505,0)))*$A9 -> 4462500 | F9: =가정!$B$5+MAX(0,INDEX(학생수별!$I$5:$I$505,MATCH(F$4,학생수별!$A$5:$A$505,0)))*$A9 -> 4782500 | G9: =가정!$B$5+MAX(0,INDEX(학생수별!$I$5:$I$505,MATCH(G$4,학생수별!$A$5:$A$505,0)))*$A9 -> 6227500 | H9: =가정!$B$5+MAX(0,INDEX(학생수별!$I$5:$I$505,MATCH(H$4,학생수별!$A$5:$A$505,0)))*$A9 -> 7572500 | I9: =가정!$B$5+MAX(0,INDEX(학생수별!$I$5:$I$505,MATCH(I$4,학생수별!$A$5:$A$505,0)))*$A9 -> 8615000 | ... N9: =가정!$B$5+MAX(0,INDEX(학생수별!$I$5:$I$505,MATCH(N$4,학생수별!$A$5:$A$505,0)))*$A9 -> 25352500
A10: 0.3 | B10: =가정!$B$5+MAX(0,INDEX(학생수별!$I$5:$I$505,MATCH(B$4,학생수별!$A$5:$A$505,0)))*$A10 -> 4000000 | C10: =가정!$B$5+MAX(0,INDEX(학생수별!$I$5:$I$505,MATCH(C$4,학생수별!$A$5:$A$505,0)))*$A10 -> 4000000 | D10: =가정!$B$5+MAX(0,INDEX(학생수별!$I$5:$I$505,MATCH(D$4,학생수별!$A$5:$A$505,0)))*$A10 -> 4000000 | E10: =가정!$B$5+MAX(0,INDEX(학생수별!$I$5:$I$505,MATCH(E$4,학생수별!$A$5:$A$505,0)))*$A10 -> 4555000 | F10: =가정!$B$5+MAX(0,INDEX(학생수별!$I$5:$I$505,MATCH(F$4,학생수별!$A$5:$A$505,0)))*$A10 -> 4939000 | G10: =가정!$B$5+MAX(0,INDEX(학생수별!$I$5:$I$505,MATCH(G$4,학생수별!$A$5:$A$505,0)))*$A10 -> 6673000 | H10: =가정!$B$5+MAX(0,INDEX(학생수별!$I$5:$I$505,MATCH(H$4,학생수별!$A$5:$A$505,0)))*$A10 -> 8287000 | I10: =가정!$B$5+MAX(0,INDEX(학생수별!$I$5:$I$505,MATCH(I$4,학생수별!$A$5:$A$505,0)))*$A10 -> 9538000 | ... N10: =가정!$B$5+MAX(0,INDEX(학생수별!$I$5:$I$505,MATCH(N$4,학생수별!$A$5:$A$505,0)))*$A10 -> 29623000
A12: 학생 수별 본사 귀속 순이익 (분원장 보수 지급 후)
A13: 학생 수 | B13: =B4 -> 0 | C13: =C4 -> 20 | D13: =D4 -> 40 | E13: =E4 -> 60 | F13: =F4 -> 80 | G13: =G4 -> 100 | H13: =H4 -> 120 | I13: =I4 -> 150 | ... N13: =N4 -> 500
A14: 현재 계약 기준 | B14: =INDEX(학생수별!$L$5:$L$505,MATCH(B$13,학생수별!$A$5:$A$505,0)) -> -7590000 | C14: =INDEX(학생수별!$L$5:$L$505,MATCH(C$13,학생수별!$A$5:$A$505,0)) -> -9710000 | D14: =INDEX(학생수별!$L$5:$L$505,MATCH(D$13,학생수별!$A$5:$A$505,0)) -> -3930000 | E14: =INDEX(학생수별!$L$5:$L$505,MATCH(E$13,학생수별!$A$5:$A$505,0)) -> 185000 | F14: =INDEX(학생수별!$L$5:$L$505,MATCH(F$13,학생수별!$A$5:$A$505,0)) -> 313000 | G14: =INDEX(학생수별!$L$5:$L$505,MATCH(G$13,학생수별!$A$5:$A$505,0)) -> 891000 | H14: =INDEX(학생수별!$L$5:$L$505,MATCH(H$13,학생수별!$A$5:$A$505,0)) -> 1429000 | I14: =INDEX(학생수별!$L$5:$L$505,MATCH(I$13,학생수별!$A$5:$A$505,0)) -> 1846000 | ... N14: =INDEX(학생수별!$L$5:$L$505,MATCH(N$13,학생수별!$A$5:$A$505,0)) -> 8541000
